{"pre": {"rewrite_acc": 0.23850644122383255}, "post": {"rewrite_acc": 0.9473832528180354}}