{"pre": {"rewrite_acc": 0.23076923076923078}, "post": {"rewrite_acc": 0.9230769230769231}}