{"pre": {"rewrite_acc": 0.391304347826087}, "post": {"rewrite_acc": 0.9565217391304348}}