{"pre": {"rewrite_acc": 0.5238095238095238}, "post": {"rewrite_acc": 0.9523809523809523}}