{"pre": {"rewrite_acc": 0.1111111111111111}, "post": {"rewrite_acc": 0.8888888888888888}}