{"pre": {"rewrite_acc": 0.5714285714285714}, "post": {"rewrite_acc": 0.9285714285714286}}