{"pre": {"rewrite_acc": 0.2857142857142857}, "post": {"rewrite_acc": 0.8571428571428571}}