{"pre": {"rewrite_acc": 0.14285714285714285}, "post": {"rewrite_acc": 0.8571428571428571}}