{"pre": {"rewrite_acc": 0.45454545454545453}, "post": {"rewrite_acc": 0.9090909090909091}}