{"pre": {"rewrite_acc": 0.4444444444444444}, "post": {"rewrite_acc": 0.7777777777777778}}