{"pre": {"rewrite_acc": 0.23455701509906315}, "post": {"rewrite_acc": 0.06338606148174226}}