{"pre": {"rewrite_acc": 0.26623188405797105}, "post": {"rewrite_acc": 0.9785326086956522}}