{"pre": {"rewrite_acc": 0.24381910896403652}, "post": {"rewrite_acc": 0.10796296296296297}}