{"pre": {"rewrite_acc": 0.22199345323938846}, "post": {"rewrite_acc": 0.06365067527117389}}