{"pre": {"rewrite_acc": 0.46153846153846156}, "post": {"rewrite_acc": 0.9230769230769231}}