{"pre": {"rewrite_acc": 0.24381910896403652}, "post": {"rewrite_acc": 0.8484728931830381}}