{"pre": {"rewrite_acc": 0.09090909090909091}, "post": {"rewrite_acc": 0.8181818181818182}}