{"pre": {"rewrite_acc": 0.6470588235294118}, "post": {"rewrite_acc": 0.9411764705882353}}