{"pre": {"rewrite_acc": 0.23973144098562157}, "post": {"rewrite_acc": 0.019362261669953976}}