{"pre": {"rewrite_acc": 0.23850644122383255}, "post": {"rewrite_acc": 0.7370571658615137}}