{"pre": {"rewrite_acc": 0.6111111111111112}, "post": {"rewrite_acc": 0.9444444444444444}}