{"pre": {"rewrite_acc": 0.6896551724137931}, "post": {"rewrite_acc": 0.9655172413793104}}