{"pre": {"rewrite_acc": 0.23760155684640813}, "post": {"rewrite_acc": 0.05028986159192108}}