{"pre": {"rewrite_acc": 0.15384615384615385}, "post": {"rewrite_acc": 0.7692307692307693}}