{"pre": {"rewrite_acc": 0.5294117647058824}, "post": {"rewrite_acc": 0.9411764705882353}}