{"pre": {"rewrite_acc": 0.2597090610677567}, "post": {"rewrite_acc": 0.012428774928774929}}