{"pre": {"rewrite_acc": 0.3076923076923077}, "post": {"rewrite_acc": 0.9230769230769231}}