{"pre": {"rewrite_acc": 0.3333333333333333}, "post": {"rewrite_acc": 0.6666666666666666}}