{"pre": {"rewrite_acc": 0.26666666666666666}, "post": {"rewrite_acc": 0.9333333333333333}}