{"pre": {"rewrite_acc": 0.16666666666666666}, "post": {"rewrite_acc": 0.8333333333333334}}