{"pre": {"rewrite_acc": 0.25346316425120774}, "post": {"rewrite_acc": 0.03729166666666666}}