{"pre": {"rewrite_acc": 0.47368421052631576}, "post": {"rewrite_acc": 0.9473684210526315}}