{"pre": {"rewrite_acc": 0.23850644122383255}, "post": {"rewrite_acc": 0.7814412238325282}}