{"pre": {"rewrite_acc": 0.36363636363636365}, "post": {"rewrite_acc": 0.9090909090909091}}