{"pre": {"rewrite_acc": 0.23830325535131028}, "post": {"rewrite_acc": 0.03893339117023327}}