{"pre": {"rewrite_acc": 0.5652173913043478}, "post": {"rewrite_acc": 0.9565217391304348}}