{"pre": {"rewrite_acc": 0.391304347826087}, "post": {"rewrite_acc": 0.9130434782608695}}