{"pre": {"rewrite_acc": 0.18181818181818182}, "post": {"rewrite_acc": 0.9090909090909091}}