{"pre": {"rewrite_acc": 0.22170737524475131}, "post": {"rewrite_acc": 0.06722996951067126}}