{"pre": {"rewrite_acc": 0.3888888888888889}, "post": {"rewrite_acc": 0.9444444444444444}}