{"pre": {"rewrite_acc": 0.22468111225009862}, "post": {"rewrite_acc": 0.059394829456748954}}