{"pre": {"rewrite_acc": 0.24443409247757072}, "post": {"rewrite_acc": 0.8778502415458936}}