{"pre": {"rewrite_acc": 0.35714285714285715}, "post": {"rewrite_acc": 0.9285714285714286}}