{"pre": {"rewrite_acc": 0.23131884057971014}, "post": {"rewrite_acc": 0.8726521739130435}}