{"pre": {"rewrite_acc": 0.6111111111111112}, "post": {"rewrite_acc": 0.8333333333333334}}