{"pre": {"rewrite_acc": 0.3333333333333333}, "post": {"rewrite_acc": 0.8333333333333334}}