{"pre": {"rewrite_acc": 0.2222222222222222}, "post": {"rewrite_acc": 0.8888888888888888}}