{"pre": {"rewrite_acc": 0.15384615384615385}, "post": {"rewrite_acc": 0.9230769230769231}}