{"pre": {"rewrite_acc": 0.4666666666666667}, "post": {"rewrite_acc": 0.9333333333333333}}