{"pre": {"rewrite_acc": 0.26090250329380765}, "post": {"rewrite_acc": 0.10909090909090907}}