{"pre": {"rewrite_acc": 0.6818181818181818}, "post": {"rewrite_acc": 0.9090909090909091}}