{"pre": {"rewrite_acc": 0.6153846153846154}, "post": {"rewrite_acc": 0.9230769230769231}}