{"pre": {"rewrite_acc": 0.2683091787439613}, "post": {"rewrite_acc": 0.943768115942029}}