{"pre": {"rewrite_acc": 0.29411764705882354}, "post": {"rewrite_acc": 0.9411764705882353}}