{"pre": {"rewrite_acc": 0.26623188405797105}, "post": {"rewrite_acc": 0.8907065217391305}}