{"pre": {"rewrite_acc": 0.2683091787439613}, "post": {"rewrite_acc": 0.9855072463768116}}