{"pre": {"rewrite_acc": 0.47058823529411764}, "post": {"rewrite_acc": 0.9411764705882353}}