{"pre": {"rewrite_acc": 0.21672711391075236}, "post": {"rewrite_acc": 0.09064101935440608}}