{"pre": {"rewrite_acc": 0.21428571428571427}, "post": {"rewrite_acc": 0.9285714285714286}}