{"pre": {"rewrite_acc": 0.3103448275862069}, "post": {"rewrite_acc": 0.9655172413793104}}