{"pre": {"rewrite_acc": 0.2549927536231884}, "post": {"rewrite_acc": 0.8278502415458937}}