{"pre": {"rewrite_acc": 0.24443409247757072}, "post": {"rewrite_acc": 0.49409247757073843}}