{"pre": {"rewrite_acc": 0.5882352941176471}, "post": {"rewrite_acc": 0.9411764705882353}}